тип,бренд,цена,скидка,ссылка
Кеды,Podio,6699,,https://www.podkablukom.ru/detail/508249/
Лоферы,TOFA,6799,,https://www.podkablukom.ru/detail/508241/
Кроссовки,BADEN,4999,,https://www.podkablukom.ru/detail/507980/
Кеды,BADEN,4999,,https://www.podkablukom.ru/detail/507976/
Туфли,GIOVANNI BRUNO,7999,,https://www.podkablukom.ru/detail/507782/
Туфли,GIOVANNI BRUNO,7999,,https://www.podkablukom.ru/detail/507777/
Полуботинки,GIOVANNI BRUNO,7999,,https://www.podkablukom.ru/detail/507770/
Полуботинки,GIOVANNI BRUNO,7999,,https://www.podkablukom.ru/detail/507769/
Кроссовки,BADEN,6999,,https://www.podkablukom.ru/detail/507738/
Кроссовки,BADEN,6999,,https://www.podkablukom.ru/detail/507737/
Кроссовки,Rieker,11699,,https://www.podkablukom.ru/detail/507532/
Туфли,Bochetti,8899,,https://www.podkablukom.ru/detail/507272/
Туфли,Bochetti,8899,,https://www.podkablukom.ru/detail/507271/
Туфли,BADEN,7999,,https://www.podkablukom.ru/detail/500600/
Туфли,BADEN,7799,,https://www.podkablukom.ru/detail/500599/
Полуботинки,Bochetti,8899,,https://www.podkablukom.ru/detail/485188/
Лоферы,GIOVANNI BRUNO,7999,,https://www.podkablukom.ru/detail/507775/
Туфли,GIOVANNI BRUNO,7999,,https://www.podkablukom.ru/detail/507773/
Туфли,GIOVANNI BRUNO,7999,,https://www.podkablukom.ru/detail/507771/
Кроссовки,BADEN,5499,,https://www.podkablukom.ru/detail/507742/
Кроссовки,BADEN,5399,,https://www.podkablukom.ru/detail/507741/
Кроссовки,TORSION FIELD,4999,,https://www.podkablukom.ru/detail/507501/
Челси,SoloStyle,10399,,https://www.podkablukom.ru/detail/506813/
Челси,SoloStyle,10999,,https://www.podkablukom.ru/detail/506362/
Ботинки,ESCAN,7299,,https://www.podkablukom.ru/detail/506351/
Ботинки,El'rosso,11999,,https://www.podkablukom.ru/detail/505226/
Челси,SHOIBERG,7999,,https://www.podkablukom.ru/detail/505220/
Дутики,TORSION FIELD,6599,,https://www.podkablukom.ru/detail/505215/
Полуботинки,SHOIBERG,7999,,https://www.podkablukom.ru/detail/504520/
Ботинки,TOFA,8999,,https://www.podkablukom.ru/detail/504516/
Полуботинки,TOFA,8699,,https://www.podkablukom.ru/detail/504515/
Полуботинки,BADEN,7999,,https://www.podkablukom.ru/detail/503899/
Ботинки,BADEN,6799,,https://www.podkablukom.ru/detail/503898/
Ботинки,BADEN,7699,,https://www.podkablukom.ru/detail/503897/
Ботинки,BADEN,7799,,https://www.podkablukom.ru/detail/503895/
Полуботинки,BADEN,6999,,https://www.podkablukom.ru/detail/503894/
Полуботинки,BADEN,7999,,https://www.podkablukom.ru/detail/503891/
Кроссовки,Rieker,10999,,https://www.podkablukom.ru/detail/503890/
Кеды,Rieker,10999,,https://www.podkablukom.ru/detail/503887/
Ботинки,Rieker,12399,,https://www.podkablukom.ru/detail/503883/
Ботинки,PAVI,9599,30%,https://www.podkablukom.ru/detail/499784/
Кроссовки,GRUNBERG,4999,29%,https://www.podkablukom.ru/detail/499340/
Полуботинки,World of Magellan,5899,35%,https://www.podkablukom.ru/detail/499016/
Кроссовки,Podio,4999,50%,https://www.podkablukom.ru/detail/499003/
Ботинки,Podio,5599,50%,https://www.podkablukom.ru/detail/499002/
Ботинки,Podio,5599,50%,https://www.podkablukom.ru/detail/499001/
Кроссовки,TORSION FIELD,3999,50%,https://www.podkablukom.ru/detail/498531/
Кроссовки,TORSION FIELD,5499,,https://www.podkablukom.ru/detail/498530/
Ботинки,BADEN,5599,30%,https://www.podkablukom.ru/detail/498192/
Ботинки,Rieker,7999,30%,https://www.podkablukom.ru/detail/498164/
Полуботинки,TOFA,6999,30%,https://www.podkablukom.ru/detail/498152/
Полуботинки,Rieker,6899,30%,https://www.podkablukom.ru/detail/497758/
Ботинки,Rieker,10999,,https://www.podkablukom.ru/detail/497756/
Кроссовки,GRUNBERG,4699,50%,https://www.podkablukom.ru/detail/492937/
Ботинки,TOFA,3999,50%,https://www.podkablukom.ru/detail/492931/
Ботинки,Rieker,5999,40%,https://www.podkablukom.ru/detail/491624/
Ботинки,Rieker,5999,40%,https://www.podkablukom.ru/detail/491623/
Ботинки,Rieker,5399,40%,https://www.podkablukom.ru/detail/491304/
Ботинки,Rieker,5699,40%,https://www.podkablukom.ru/detail/491303/
Ботинки,Rieker,6499,50%,https://www.podkablukom.ru/detail/491288/
Ботинки,TOFA,4999,50%,https://www.podkablukom.ru/detail/486641/
Полуботинки,El'Rosso,10599,,https://www.podkablukom.ru/detail/506361/
Полуботинки,ABRICOT,9399,,https://www.podkablukom.ru/detail/505819/
Кроссовки,ABRICOT PREMIUM,7299,,https://www.podkablukom.ru/detail/505818/
Туфли,SoloStyle,9599,,https://www.podkablukom.ru/detail/505530/
Туфли,El'rosso,10599,,https://www.podkablukom.ru/detail/505224/
Туфли,ABRICOT,8599,,https://www.podkablukom.ru/detail/504909/
Кроссовки,ABRICOT,7599,,https://www.podkablukom.ru/detail/504908/
Туфли,SHOIBERG,7999,,https://www.podkablukom.ru/detail/504521/
Полуботинки,BADEN,7999,,https://www.podkablukom.ru/detail/503916/
Полуботинки,BADEN,6999,,https://www.podkablukom.ru/detail/503902/
Туфли,BADEN,6999,,https://www.podkablukom.ru/detail/503896/
Туфли,Podio,5999,35%,https://www.podkablukom.ru/detail/503340/
Мокасины,Podio,4999,25%,https://www.podkablukom.ru/detail/503339/
Туфли,SHOIBERG,6599,20%,https://www.podkablukom.ru/detail/503183/
Туфли,SHUMANN,5699,30%,https://www.podkablukom.ru/detail/503174/
Полуботинки,Cardinal's world,6999,30%,https://www.podkablukom.ru/detail/503164/
Кеды,ABRICOT,6999,30%,https://www.podkablukom.ru/detail/503004/
Кроссовки,NexPero,6999,15%,https://www.podkablukom.ru/detail/502756/
Кроссовки,NexPero,6999,15%,https://www.podkablukom.ru/detail/502755/
